Accuracy,Precision,Recall,F1 Score,ROC AUC
0.9879518072289156,1.0,0.9855072463768116,0.9927007299270073,0.9999999999999999
