epoch,train_loss,val_loss,train_accuracy,val_accuracy,learning_rate
1,0.17005110532045364,0.24436727148949067,0.9376385809312638,0.9479768786127167,0.0003
